{"type":"Topology","objects":{"counties":{"type":"GeometryCollection","geometries":[{"type":"Polygon","arcs":[[0,1,2,3,4,5]]},{"type":"Polygon","arcs":[[-5,6,7]]},{"type":"Polygon","arcs":[[8,9,-1,10]]},{"type":"MultiPolygon","arcs":[[[11]],[[-4,12,13,14,-7]]]},{"type":"Polygon","arcs":[[15,16,17,-13,-3]]},{"type":"Polygon","arcs":[[18,19,20,21,-9]]},{"type":"Polygon","arcs":[[-10,-22,22,23,-16,-2]]},{"type":"Polygon","arcs":[[24,25,26,27,-17,-24]]},{"type":"Polygon","arcs":[[-21,28,29,30,-25,-23]]},{"type":"Polygon","arcs":[[31,32,33,34,-26,-31]]},{"type":"Polygon","arcs":[[-18,-28,35,36,37,38,-14]]},{"type":"Polygon","arcs":[[-35,39,40,-36,-27]]},{"type":"Polygon","arcs":[[-20,41,42,43,-29]]},{"type":"Polygon","arcs":[[-44,44,45,46,-32,-30]]},{"type":"Polygon","arcs":[[47,48,49,50,-37,-41]]},{"type":"Polygon","arcs":[[51,52,-45,-43]]},{"type":"Polygon","arcs":[[-34,53,54,-48,-40]]},{"type":"Polygon","arcs":[[55,56,57,58,-46,-53]]},{"type":"Polygon","arcs":[[-47,-59,59,60,-54,-33]]},{"type":"Polygon","arcs":[[61,62,63,64,65,-57]]},{"type":"Polygon","arcs":[[66,67,68,69,-63,70]]},{"type":"Polygon","arcs":[[-61,71,72,73,-49,-55]]},{"type":"Polygon","arcs":[[74,75,76,77,78,-50,-74]]},{"type":"Polygon","arcs":[[-51,-79,79,80,81,-38]]},{"type":"MultiPolygon","arcs":[[[82]],[[83]],[[84,85,86,87,88,-72,-60,-58,-66]]]},{"type":"Polygon","arcs":[[89,90,91,92,-67,93]]},{"type":"Polygon","arcs":[[-70,94,95,96,-85,-65,-64]]},{"type":"MultiPolygon","arcs":[[[97]],[[98]],[[99]],[[100,-77]],[[-89,101,-75,-73]]]},{"type":"Polygon","arcs":[[-69,102,103,104,-96,-95]]},{"type":"Polygon","arcs":[[-93,105,106,107,-103,-68]]},{"type":"MultiPolygon","arcs":[[[108]],[[109,-81]]]},{"type":"Polygon","arcs":[[-97,-105,110,111,112,113,-86]]},{"type":"MultiPolygon","arcs":[[[114]],[[115]],[[-113,116,117]]]},{"type":"Polygon","arcs":[[118,119,-111,-104,-108]]},{"type":"MultiPolygon","arcs":[[[120]],[[-112,121,122,-117]]]},{"type":"Polygon","arcs":[[123,124,-107]]},{"type":"MultiPolygon","arcs":[[[125,126]],[[127]],[[128]]]},{"type":"Polygon","arcs":[[-92,129,130,-124,-106]]},{"type":"Polygon","arcs":[[131,132,133,134,-126]]},{"type":"Polygon","arcs":[[-131,135,136,137,-119,-125]]},{"type":"Polygon","arcs":[[138,139,140,141,142,-136,-130,-91]]},{"type":"Polygon","arcs":[[-120,-138,143,144,-133,145,-122]]},{"type":"Polygon","arcs":[[146,147,148,149,-139,-90]]},{"type":"Polygon","arcs":[[150,151,152,-134,-145]]},{"type":"Polygon","arcs":[[-137,-143,153,-151,-144]]},{"type":"Polygon","arcs":[[-154,-142,154,155,156,-152]]},{"type":"Polygon","arcs":[[157,158,-140,-150]]},{"type":"Polygon","arcs":[[159,160,-155,-141,-159]]},{"type":"Polygon","arcs":[[161,162,163,164,-148,165]]},{"type":"Polygon","arcs":[[-161,166,167,168,-156]]},{"type":"Polygon","arcs":[[-165,169,170,171,-167,-160,-158,-149]]},{"type":"MultiPolygon","arcs":[[[172]],[[173]],[[174]],[[175]],[[-172,176,177,-168]]]},{"type":"MultiPolygon","arcs":[[[178]],[[179]],[[180]],[[181,182,-177,-171,183]]]},{"type":"MultiPolygon","arcs":[[[184]],[[185]],[[186]],[[-164,187,188,-184,-170]]]},{"type":"Polygon","arcs":[[189,190,191,-162,192]]},{"type":"MultiPolygon","arcs":[[[-163,-192,193,194,195,196,-188]]]},{"type":"MultiPolygon","arcs":[[[197]],[[198,199,-194,-191]]]},{"type":"Polygon","arcs":[[-199,-190,200]]}]}},"arcs":[[[2881,9985],[0,-49],[-9,0],[0,-184],[8,0],[0,-366],[1,0],[0,-260]],[[2881,9126],[-147,2],[-10,-2],[-305,0],[-204,0],[-6,2],[-94,0],[-80,1],[-56,-3],[-112,0],[-8,0]],[[1859,9126],[2,11],[-26,22],[9,15],[-4,9],[9,11],[-5,6],[0,31],[15,12],[-3,18],[20,10],[-23,15],[0,9],[-30,-1],[-6,13],[-20,13],[-9,2],[-15,-9],[5,-21],[-8,-13],[-9,-3],[-32,7],[-15,-9],[1,-19],[-7,-12],[-59,-21],[-11,-14],[-3,-16],[-32,-6],[-16,-9],[-3,-13],[-17,-14],[-15,-3],[-14,8],[-15,-11],[-20,5],[-33,-3],[-35,-26],[-18,9],[-9,-6],[9,-31],[-12,-12],[5,-17],[-14,-11],[6,-32],[23,-13],[18,3],[18,-39],[9,-8],[-7,-20],[-8,0],[-4,-17],[-20,-1],[-14,15],[-29,8],[-21,-1],[-19,-9],[-14,0],[-6,10],[-3,20],[-17,21],[-39,12],[-6,12],[-30,4],[-13,-4],[-37,1],[-11,-6],[-35,5],[-17,18],[-4,13],[-14,20],[-18,17],[-30,3],[-6,11],[-23,10],[-26,-12],[-10,18],[-15,12]],[[974,9123],[-9,18],[-17,17],[-3,15],[-17,10],[11,14],[-2,26],[-15,8],[6,12],[-9,25],[-15,15],[-3,24],[8,11],[-25,19],[-157,0]],[[727,9337],[6,13],[14,6],[0,15],[-6,8],[24,10],[10,32],[-15,4],[-9,18],[-6,42],[-6,15],[-35,9],[-9,9],[12,19],[-6,11],[6,13],[-36,0],[21,42],[17,0],[-8,19],[-1,15],[21,27],[-2,15],[9,8],[-1,13],[-17,12],[-9,45],[14,6],[1,10],[-15,6],[-15,21],[9,14],[17,3],[15,20],[12,4],[-3,20],[9,11],[18,-2],[17,-7],[12,25],[29,-1],[10,13],[0,14],[22,33],[-8,28],[20,9],[1,6]],[[866,9990],[20,-2],[62,2],[51,-3],[88,3],[132,6],[9,3],[98,-8],[170,0],[29,2],[133,0],[82,0],[107,4],[153,0],[62,-1],[130,0],[138,-3],[121,0],[135,-3],[124,-2],[48,-1],[123,-2]],[[727,9337],[-106,-2],[-2,90],[-110,0],[-62,-1],[-112,0]],[[335,9424],[-14,44],[-3,3],[0,38],[3,-6],[24,3],[-36,9],[-9,18],[3,19],[-8,9],[5,8],[-14,15],[-4,23],[-15,20],[-8,34],[-4,30],[-17,24],[-29,10],[-4,-7],[-17,9],[-39,30],[15,18],[16,39],[9,32],[8,35],[2,46],[4,-12],[3,12],[-12,9],[3,12],[0,27],[-6,12],[109,-3],[259,0],[42,0],[35,1],[95,-1],[32,4],[103,2]],[[4289,9128],[-195,0],[-262,0],[-192,0],[-47,1],[-250,0],[-8,-1],[-342,0]],[[2993,9128],[-112,-2]],[[2881,9985],[207,0],[105,-1],[68,-3],[197,0],[254,0],[353,0],[1,1],[109,0],[114,2],[0,-856]],[[244,8741],[-21,-11],[12,12],[9,-1]],[[974,9123],[-2,-9],[-23,-9],[3,-10],[0,-37],[-10,-27],[-6,-5],[-17,6],[6,-9],[-6,-7],[6,-11],[14,-7],[20,-3],[4,-26],[12,-4],[0,-19],[-13,-2],[-8,-12],[0,-15],[-9,-12],[-17,-12],[11,-9],[-3,-9],[-20,-7],[-10,-11],[-5,-13],[-29,6],[-9,10],[-21,3],[1,6],[-19,12],[-8,-15],[-19,-9],[-31,5],[12,-39],[11,-11],[-14,-8],[14,0],[8,-20],[13,0],[2,-16],[13,-15],[-9,-12],[12,-11],[2,-13],[-11,3],[2,-12],[15,-12],[-6,-6],[3,-21],[10,-19],[-1,-283],[-3,-179],[3,-54],[0,-221],[-2,-33]],[[840,7880],[-178,0],[-17,2],[-127,-2],[-142,0]],[[376,7880],[-28,21],[-18,0],[-10,9],[0,36],[-8,16],[-21,24],[-24,12],[-52,18],[-30,34],[-21,15],[-17,6],[-18,15],[-18,9],[-26,21],[-9,15],[-21,11],[-11,10],[0,18],[15,40],[-15,30],[0,20],[-4,22],[-34,40],[-6,20],[23,54],[-2,19],[20,36],[20,43],[24,50],[15,-7],[17,11],[-15,6],[1,21],[56,82],[9,20],[8,-12],[-6,-2],[-24,-28],[-11,-20],[35,-7],[10,-8],[11,27],[-11,15],[26,30],[3,30],[11,21],[33,9],[11,-9],[21,13],[24,9],[6,11],[0,18],[-15,12],[-18,-8],[-17,13],[-12,0],[11,13],[7,20],[-6,5],[-3,-16],[-10,-12],[-2,-17],[-18,-25],[0,-11],[-15,-13],[-14,-32],[-21,-19],[-12,2],[26,32],[28,48],[32,64],[17,54],[12,45],[3,27],[-8,21],[-16,15],[-12,-5],[1,11],[-11,12],[5,18],[-9,13],[4,11],[-4,17],[4,15],[17,3],[17,36],[18,51],[15,66],[6,37],[9,37],[11,71],[0,39]],[[1859,9126],[5,-7],[16,1],[19,-9],[10,-13],[-4,-9],[4,-15],[-6,-26],[-6,-13],[-9,0],[-20,-9],[-24,0],[-26,-16],[3,-9],[13,-3],[1,-9],[-6,-18],[2,-15],[-11,-21],[-17,2],[-12,-20],[-21,0],[-12,-13],[-6,-17],[4,-15],[-9,-21],[12,-22],[-7,-15],[-17,-9],[-17,-36],[-12,-3],[-10,-19],[9,-15],[-3,-24],[-14,-17],[-27,-13],[-18,-18],[12,-18],[-15,-30],[-20,0],[-7,-12],[16,-22],[6,-14],[-7,-15],[24,-3],[0,-20],[10,-30],[8,-6],[-6,-12],[-23,7],[-18,-12],[-6,-10],[-18,1],[-17,-13],[-3,-15],[-7,-15],[-26,-3],[-32,-12],[6,-9],[-10,-9],[-26,-9],[-14,-27],[-19,0],[-14,-3],[-6,-18],[-17,-9],[-6,6],[-18,-9],[-18,0],[1,-22],[-21,-15],[0,-12],[-18,-7],[-9,-20],[-17,0],[-3,-21],[6,-13],[-6,-3],[2,-26]],[[1307,8180],[6,-13],[21,-14],[18,2],[15,-10],[17,-5],[9,-9],[-3,-27],[9,-30],[-9,-9],[-8,-33],[19,-7],[-2,-24],[9,-16],[-10,-24],[4,-11],[15,-10],[-1,-20],[4,-10],[-7,-12],[7,-6],[-1,-18],[13,-9],[2,-10]],[[1434,7855],[-356,0],[-62,-2],[-41,2],[-121,0],[-14,-2],[0,27]],[[4289,9128],[1,-605],[2,-57],[0,-483],[-3,-284],[-1,-115]],[[4288,7584],[-14,0],[0,-13],[-117,0],[-12,-2]],[[4145,7569],[2,30],[18,0],[0,17],[9,0],[-2,15],[10,0],[1,43],[0,79],[9,0],[0,31],[-9,0],[0,30],[-18,0],[-17,24],[-18,6],[0,17],[-9,0],[0,16],[-9,0],[0,15],[-18,0],[0,31],[-11,0],[3,45],[-38,0],[0,24],[-18,0],[0,9],[-74,-1],[0,7],[-18,0],[0,8],[-18,0],[1,11],[-20,0],[-9,8],[0,16],[-9,6],[-18,0],[-9,9],[0,15],[-9,0],[0,15],[-27,0],[0,15],[-9,0],[0,15],[-19,0],[0,15],[-18,0],[0,9],[-18,0],[0,7],[-29,0],[0,23],[-44,0],[0,9],[-19,0],[-9,15],[-73,0],[0,9],[-36,0],[-9,-15],[-23,-2],[0,-25],[-17,1],[0,-7],[-19,0],[0,-15],[-19,-15],[-18,-1],[0,-44],[-18,0],[0,-9],[-38,0],[2,15],[-20,0],[2,15],[-56,2],[0,13],[-37,0],[0,24],[-19,0],[0,200],[-69,0],[-163,0],[-27,-1]],[[2998,8348],[1,55],[3,24],[0,143],[2,12],[0,234],[1,17],[-12,0],[2,21],[-2,127],[0,147]],[[2998,8348],[-18,4],[-17,-3],[-38,0],[-92,0]],[[2833,8349],[-67,0],[-26,-16],[-22,9],[-31,-5],[-39,20],[-12,-6],[-20,1],[-15,-15],[-42,3],[-8,6],[-21,2],[-29,-8],[-12,6],[-29,-7],[-19,-17],[-17,5],[-9,-8],[-17,-3],[-23,8],[-42,4],[-24,-7],[-17,1],[-27,-9],[-18,3],[-11,-10],[-18,-2],[0,-5],[-29,-2],[-30,-10],[-5,4],[-4,-15],[-26,12],[-27,-1],[-5,-9],[-21,-3],[-15,4],[-15,-9],[-9,3],[-20,-3],[-24,3],[-44,0],[-6,6],[-27,-7],[-26,12],[-11,-5],[-18,3],[-15,6],[-15,-9],[-18,-1],[-8,-11],[-24,-3],[-2,-6],[-63,-33],[-23,2],[-38,19],[-19,-1],[1,12],[-9,7],[-21,-3],[-26,-9],[-18,2],[-41,-14],[-24,6],[-17,-16],[-25,-29],[-17,8],[-15,-3],[-29,1],[-44,-9],[-15,-13],[-24,-5]],[[2833,8349],[-2,-13],[23,-9],[-9,-25],[0,-17],[9,-10],[-6,-9],[9,-17],[35,-3],[7,2],[20,-9],[26,-2],[13,-9],[0,-9],[22,-10],[-11,-18],[-20,1],[24,-22],[2,-15],[-15,-18],[4,-19],[-6,-15],[-15,-2],[-24,-21],[-6,3],[-24,0],[-5,-16],[0,-30]],[[2884,8037],[0,-21],[-9,-9],[-29,0],[-16,-24],[-84,0],[-10,-6],[0,-43],[-14,0],[2,-8],[-17,-6],[0,-15],[-9,0],[0,-28],[-9,-1],[0,-17],[-58,3],[-1,-7],[-17,-8],[-7,-16],[-17,-17],[-3,-33],[-24,-19],[-31,0],[5,-6],[-80,-1],[-94,0],[-59,1],[-14,-24],[0,-7],[-13,-15],[13,-15],[-7,-17],[16,-13]],[[2298,7665],[-92,0],[-20,1],[-330,0],[-209,0],[-15,2],[-109,0],[-92,-3]],[[1431,7665],[-6,6],[-5,34],[-10,9],[9,26],[3,25],[-3,16],[30,9],[-1,11],[10,7],[-17,12],[0,27],[-7,8]],[[4145,7569],[-189,0],[-33,0],[-88,0],[0,-3],[-182,0],[-6,-19],[-20,-11],[-15,17],[-6,0],[-13,15],[-19,3],[-16,10],[-18,0],[-12,-9],[-13,9],[-13,3],[-5,26],[-24,0],[-6,12],[-26,19],[-24,-16],[-15,-2],[-21,-21],[0,-36],[-15,-33],[-16,-9],[-13,-16],[-29,-12]],[[3308,7496],[-12,-6],[-53,-36]],[[3243,7454],[-12,6],[-8,20],[-18,1],[-1,5],[-23,1],[1,30],[-15,0],[-15,16],[-1,18],[-19,3],[-1,9],[-17,0],[-3,26],[-16,1],[-2,12],[-20,2],[-1,15],[-17,1],[2,15],[-18,0],[1,13],[-12,9],[-18,8],[-2,15],[-12,0],[-3,15],[-17,0],[0,16],[-10,0],[0,15],[-20,0],[-1,8],[-15,1],[0,8],[-11,1],[-2,28],[-18,2],[0,15],[18,0],[0,15],[-7,0],[-2,31],[9,0],[2,30],[-11,0],[-1,28],[9,2],[0,15],[11,0],[0,21],[21,1],[1,20],[11,0],[0,16],[-11,0],[0,24],[-9,6],[-18,0],[0,39],[-38,0]],[[3243,7454],[-3,-13],[-27,0],[1,-18],[-9,-6],[-23,1],[-10,-9],[0,-30],[-11,-7],[-24,0],[-8,7],[-48,0],[0,-14],[-33,0],[0,7],[-28,0],[0,-22],[-10,-11],[1,-13],[-22,-11],[0,-9],[-11,-13],[12,-21],[-27,-23],[1,-13],[-10,-27],[-34,-22],[0,-6],[-30,-3],[-4,-6],[-16,4],[-16,-1],[-9,-17],[-47,0],[-32,-13],[-9,6],[-20,-3],[-16,12],[-11,-26]],[[2710,7134],[-6,12],[-121,-3],[-150,2]],[[2433,7145],[8,33],[4,3],[-3,19],[15,18],[-6,9]],[[2451,7227],[2,17],[12,32],[4,36],[-7,33],[6,24],[19,21],[-83,0],[-36,-9],[-17,4],[-10,27],[10,3],[-10,15],[7,8],[-1,19],[16,15],[-12,15],[5,15],[18,6],[-11,16],[-15,-1],[2,9],[9,-2],[24,8],[3,10],[11,3],[3,11],[-8,16],[0,18],[-6,-12],[-12,0],[8,9],[-5,12],[-6,-9],[-12,3],[-8,12],[-24,15],[-15,21],[7,18],[-15,-6],[-6,6]],[[1431,7665],[1,-51],[23,0],[3,-40],[18,0],[2,-112],[0,-24]],[[1478,7438],[0,-56],[-47,2],[0,-15],[-83,2],[0,-8],[-22,-1],[0,-8],[-16,0],[-2,-54],[-7,0],[-3,-15],[0,-31],[18,-2],[-2,-29],[11,1],[-3,-16],[10,-2],[2,-28],[9,0],[-1,-15],[9,0],[1,-48],[14,2],[1,-23],[8,0],[0,-21],[-17,0],[0,-15],[-16,-15],[-5,-16],[-8,0],[-4,-20],[-32,0],[-1,-37],[-6,0],[0,-30],[3,-16],[-10,-2],[0,-22],[10,-8],[18,0],[0,-15],[7,-1],[2,-30],[27,-15],[0,-12],[39,2],[0,-15],[11,0],[0,-39],[9,0],[-1,-14],[7,-9],[12,-1],[2,-25],[36,1],[0,-6],[15,0],[2,-15],[16,0],[0,-7],[17,0],[0,-8],[18,0],[0,-9],[20,-1],[1,-9]],[[1547,6664],[-124,0],[-62,1],[-15,2],[-53,0],[0,-15],[-59,1],[2,-31],[-37,-2],[-98,0],[-91,-3],[-2,-29],[-36,-2],[-82,3],[-21,-10],[-3,-11],[-15,11]],[[851,6579],[-45,35],[-9,0],[-14,20],[-44,30],[-6,19],[-24,15],[-8,12],[-15,9],[-8,15],[-16,3],[1,18],[-10,16],[22,23],[14,25],[12,36],[-3,28],[-10,17],[-17,54],[0,10],[-15,6],[-2,19],[-32,39],[-6,18],[6,3],[-10,18],[4,9],[-12,15],[-4,21],[-8,-1],[-3,16],[9,13],[-16,9],[10,8],[-26,31],[2,24],[6,9],[2,17],[-5,13],[9,12],[-8,24],[16,34],[0,18],[9,3],[10,18],[11,25],[6,24],[-11,23],[-10,28],[6,9],[-3,15],[0,28],[-6,17],[-2,21],[-13,22],[-20,12],[0,12],[-9,21],[-3,45],[-11,37],[-45,27],[-11,11],[-21,47],[-24,12],[-5,12],[-21,33],[-14,9],[-25,30]],[[2451,7227],[-112,2],[2,29],[-132,2],[0,-30],[-369,0],[-105,0],[-54,-1],[-19,-2],[-37,0]],[[1625,7227],[6,109],[1,36],[-4,12],[0,52],[-150,2]],[[4288,7584],[0,-103],[-2,-170],[0,-15]],[[4286,7296],[-206,0],[-74,-2],[-209,0],[-2,6],[-25,12],[0,21],[-15,12],[-11,23],[-18,7],[-46,-3],[-4,4],[-35,-1],[-12,-6],[-9,-12],[-14,-6],[-12,-21],[-12,-9],[-17,-6],[-10,-15],[-20,-1],[-24,-14],[-26,-3],[-10,6],[-28,-12],[-27,-6],[-20,2],[-18,-9],[-12,3],[-15,-5],[-20,2],[-10,-3],[-28,-21]],[[3297,7239],[-13,127],[-12,0],[-12,22],[10,14],[23,12],[15,82]],[[3297,7239],[-4,-6],[-11,6],[-6,-6],[-7,8],[-12,-5],[-26,3],[-17,-15],[-21,0],[-17,-33],[-9,0],[-3,-16],[-9,4],[-18,-1],[-21,-21],[6,-15],[-15,-11],[-8,-10],[-21,0],[-21,-12],[6,-12],[-9,-9],[1,-12],[-10,-10],[0,-206]],[[3045,6860],[-10,1],[-16,18],[-47,-24],[-18,-3],[-35,-30],[-6,-3]],[[2913,6819],[-29,-3],[-12,5],[-33,-8],[-2,-7],[-21,-3],[-17,-11],[-13,2],[-3,-17],[-20,-13],[-9,-26],[-3,5],[0,37],[-6,15],[-2,21],[9,15],[-18,3],[5,11],[-11,12],[-6,28],[23,30],[-2,16],[-12,-3],[-3,17],[6,10],[-9,20],[3,6],[-10,19],[-3,16],[4,8],[-15,13],[9,3],[6,24],[-14,0],[-9,18],[2,18],[14,2],[-11,7],[11,3],[-11,18],[9,4]],[[1625,7227],[-46,0],[11,-9],[10,3],[20,-10],[2,-8],[-23,-27],[-11,-22],[17,-20],[1,-12],[25,-13],[19,-15],[17,-9],[18,-18],[-3,-7],[30,-11],[13,9],[12,0],[19,-9],[23,-3],[12,-9],[38,9],[14,-3],[6,-19],[9,1],[6,-16],[15,-2],[-5,-12],[8,-19],[-6,-6],[-17,0],[-3,-21],[14,-36],[-5,-10],[6,-9],[-7,-15],[27,-6],[26,-27],[27,-3],[2,-12],[-11,-19],[3,-11],[9,-10],[0,-9],[29,-20],[36,-19]],[[2012,6743],[-62,0],[-15,-21],[15,-27],[14,-12],[-5,-3]],[[1959,6680],[-9,-9],[27,-31],[2,-17],[-6,-9],[-17,2],[-10,-16],[1,-14],[-8,-6],[-48,-69],[-159,-40]],[[1732,6471],[3,9],[-14,15],[-7,19],[-24,-1],[-23,7],[-6,17],[-9,3],[1,18],[-10,4],[-17,29],[-9,7],[0,13],[-18,14],[-30,27],[-13,-2],[-9,14]],[[4286,7296],[-5,-139]],[[4281,7157],[-104,-2],[-254,0],[-262,0],[-11,-7],[-23,0],[-48,-24],[-33,-24],[-28,-24],[-24,-10],[-21,-17],[-18,-9],[0,-9],[-11,-18],[-28,-4],[-11,-14],[-12,-1],[-23,-18],[-4,-9],[-38,-27],[0,-28],[-8,-3],[0,-15],[-10,-6],[-2,-11],[-21,-16],[-8,-21],[-28,-12],[-13,2],[-9,7],[-15,-1],[-18,13],[-3,9],[-12,4],[-14,-11],[-26,-8],[-7,-7],[-17,4],[-15,-6],[-12,15],[-8,-3],[-37,14]],[[2433,7145],[-14,-18],[2,-6],[-20,-21],[-7,-24],[7,-12],[11,-31],[-15,-21],[10,-18],[15,-12],[-1,-10],[-18,1],[4,-12],[12,-9],[11,2],[5,-21],[12,-9],[0,-18],[25,-12],[17,4],[12,-9],[0,-19],[15,-16],[-4,-18],[18,-8],[12,-10],[-6,-6],[-18,-2],[0,-12],[-14,-7],[3,-11],[-9,-6],[11,-16],[-5,-15]],[[2504,6743],[-136,0],[-5,1],[-180,0],[-66,-1],[-105,0]],[[4281,7157],[5,-263]],[[4286,6894],[-135,0],[-12,-6],[0,-15],[-9,-9],[-18,0],[0,-7],[-55,0],[-1,-9],[-17,1],[-51,0],[-123,3],[-9,-12],[-9,-22],[3,-6],[-26,-32],[-6,0],[-9,-18],[-18,-12],[-32,-4],[-10,-12],[-14,-3],[-17,9],[-7,16],[-11,-3],[-6,9],[-18,5],[-6,-5],[-36,18],[-10,11],[-1,21],[-20,-9],[-16,12],[-8,12],[-6,-3],[-27,9],[-34,-14],[-10,5],[-20,-14],[-4,-18],[-16,6],[-6,-10],[5,-8],[-8,-9],[-27,9],[-12,-6],[-26,9],[-13,0],[1,-28],[-20,4],[-7,-7],[-23,-6],[-9,-9],[-35,-3],[-18,-18],[9,-9],[-16,-9],[7,-15],[-7,-7],[1,-17],[-15,-3],[-14,-13],[6,-8],[-13,-16],[-5,-18],[-16,-25],[1,-8],[-11,-27],[-4,-1],[-2,-21],[-10,0]],[[3175,6519],[-141,10],[-162,12],[-27,3]],[[2845,6544],[0,15],[13,2],[2,183],[53,2],[0,73]],[[2845,6544],[-23,2],[-92,-2]],[[2730,6544],[9,27],[-11,18],[-19,8],[-11,-20],[-20,-3],[-9,3],[6,-13],[-16,-2],[6,6],[-23,9],[6,9],[-14,28],[-10,-1],[-11,6],[0,19],[-9,11],[6,18],[-21,13],[-2,8],[-33,-17],[-3,9],[-14,0],[-13,12],[10,27],[11,0],[-20,8],[8,7],[-23,3],[-6,6]],[[4286,6894],[3,-72],[94,-69]],[[4383,6753],[-2,-7],[17,-11],[8,-19],[-2,-18],[5,-12],[-17,-15],[-11,0],[-4,-25],[-14,-3],[3,-9],[-23,-24],[5,-5],[-9,-13],[-15,-6],[-29,-21],[-77,-57]],[[4218,6508],[-5,8],[-31,-3],[-14,-20],[7,-7],[-16,-24],[1,-10],[-9,-11],[-18,-6],[-30,-1],[-11,-8],[-12,6],[-9,-22],[1,-12],[-9,-11],[-27,-10],[-6,-15],[-30,-8],[-20,-13],[-18,3],[-9,-4]],[[3953,6340],[-6,4],[-27,-3],[-29,-12],[-23,-6],[-16,3],[-8,-6],[-27,-3],[-29,-10],[-38,1],[-24,-9],[-50,0],[-46,15],[-4,9],[-17,6],[-22,15],[-14,0],[-23,9],[-19,0],[-43,6],[-12,-9],[-6,4],[-27,-22],[-3,9],[-11,-7],[-3,-14],[-15,8],[-8,-11],[-15,-6],[-12,12],[-12,-6],[-18,0],[-5,-6],[-21,-1],[-12,6],[-17,-11]],[[3291,6305],[-83,203],[-6,15],[-15,-10],[-12,6]],[[4696,6517],[-18,-43],[-14,-4],[-4,-44],[0,-21],[11,-10],[12,-5],[10,-40],[17,-15],[1,-12],[9,-10],[-3,-12],[17,-8],[0,-19],[-15,-18],[1,-12],[-12,-18],[8,-16],[-2,-11],[-19,-12],[-15,6],[-23,-10],[14,-29],[-11,-3],[-14,-12],[2,-18],[-8,-9]],[[4640,6112],[-30,23],[-29,18],[6,15],[-4,31],[-11,9],[-44,0],[-15,-12],[-32,-6],[-12,-15],[-24,-6],[-29,-13],[-9,-9],[-138,82]],[[4269,6229],[-32,16],[-19,-6],[0,66]],[[4218,6305],[0,203]],[[4383,6753],[15,-13],[188,-139],[110,-84]],[[2730,6544],[-2,-18],[-26,-21],[-4,-9],[6,-16],[33,-31],[23,4],[9,-9],[2,-27],[16,-18],[11,6],[24,-7],[2,-12],[-14,-21],[9,-21],[-8,-12],[-12,-6],[3,-12],[-24,-6],[-6,-15],[15,-22],[31,-3],[7,-5],[3,-21],[-3,-13],[-24,-3],[0,-9],[15,-24],[0,-13],[-11,-14],[5,-16],[-15,-15],[-21,-5],[-17,-16],[-8,3],[-10,-20],[-5,2]],[[2734,6099],[-94,1],[0,223],[-16,12],[-26,0],[-29,-12],[-3,6],[-12,-9],[-30,3],[-41,12],[-29,0],[-19,-9],[-23,0],[-9,5],[-8,-8],[-20,-6],[-12,-15],[-33,-18],[-18,5],[-24,22],[-11,-3],[-35,2]],[[2242,6310],[-6,7],[-19,72],[-8,19],[-15,18],[-14,-4],[-3,10],[9,3],[-4,21],[-20,6],[-17,19],[3,9],[-7,12],[-11,-1],[-7,34],[-23,29],[-6,31],[-17,27],[-13,31],[-26,0],[-12,8],[-21,-12],[-37,18],[-9,13]],[[2242,6310],[0,-24],[-9,-17],[-12,-40],[0,-11],[21,-29],[17,-18],[15,-30],[9,-29],[-3,-12],[-139,0],[9,-14],[-3,-14],[14,-18],[-25,2],[0,-15],[15,0],[2,-9],[-17,-2],[8,-6],[12,-24],[-12,-12],[0,-13],[-11,-9],[5,-15],[16,-9],[-1,-9],[-94,0]],[[2059,5933],[8,24],[-11,6],[-27,-2],[24,-11],[-3,-17]],[[2050,5933],[-101,-1]],[[1949,5932],[-2,3]],[[1947,5935],[15,3],[23,-3],[1,25],[11,1],[-3,15],[9,-4],[-9,16],[2,17],[-10,24],[-7,0],[-14,13],[0,15],[-7,-3],[-8,12],[0,18],[9,6],[-32,45],[-30,21],[11,12],[-17,12],[-11,19],[-19,15],[15,21],[-5,10],[-21,5],[2,7],[-11,8],[-14,-2],[-13,30],[6,2],[-11,13],[5,9],[-21,5],[-14,22],[-23,13],[-16,2],[-11,10],[0,11],[-15,19],[18,27],[-6,14],[11,13],[-5,18]],[[1947,5935],[6,-23],[-20,-9],[-21,-13],[-10,3],[-46,-6],[-12,25],[-33,23]],[[1811,5935],[-11,1],[-10,27],[-26,3],[-11,-9],[-10,3],[-11,-4],[-20,2],[-18,9],[-42,9],[-9,9],[-20,0],[-83,63],[-74,54],[-44,-6],[-20,6],[-3,-8],[-12,2],[-18,-16]],[[1369,6080],[-23,16],[-20,1],[8,11],[-12,12],[-9,0],[3,-17],[-5,-6],[8,-13],[-11,3],[-12,21],[9,16],[0,18],[-18,38],[-9,3],[-6,21],[-20,17],[-7,21],[-14,6],[-21,18],[-26,18],[-38,14],[-4,7],[-18,6],[-14,14],[-35,20],[0,8],[-18,6],[-15,10],[-2,14],[-9,13],[-23,11],[5,7],[-9,6],[-32,47],[-24,19],[-6,18],[-20,21],[-13,4],[-20,17],[-18,4],[-11,9],[-9,20]],[[2571,5794],[-26,-6],[3,5],[23,1]],[[2574,5800],[-17,-4],[-32,-5],[-15,11],[-9,31],[36,-9],[-6,-12],[22,-12],[1,6],[20,-6]],[[3291,6305],[3,-69],[0,-104],[-1,-51]],[[3293,6081],[-24,-6],[-14,9],[-32,-19],[-33,-6],[-14,-8],[-9,0],[-18,-15],[-23,0],[-7,-6],[-47,-3],[-17,8],[-13,-3],[-16,-14],[-30,-3],[-7,-6],[-41,2],[-17,-3],[-26,12],[-3,13],[-18,6],[-27,3],[-6,-15],[-17,-19],[-12,-5],[3,-12],[-24,-19],[4,-24],[-18,-24],[-15,-6],[2,-6],[-17,-7],[-9,-11],[12,-12]],[[2760,5882],[5,-13],[-44,12],[-17,-8],[-6,-12],[-24,9],[-14,-3],[-9,-10],[1,-23],[-15,-13],[-39,-21],[-24,0]],[[2574,5800],[-23,9],[3,24],[44,22],[8,-3],[21,5],[3,18],[18,31],[6,24],[23,30]],[[2677,5960],[24,12],[18,4],[12,26],[-3,76],[6,21]],[[6398,5202],[-5,2],[-139,0],[-30,-2],[-329,0],[-51,0],[-255,0],[-18,-1],[-91,0]],[[5480,5201],[-19,27],[-26,-3],[-11,-6],[-22,-2],[-3,23],[-20,10],[-3,9],[-17,14],[-16,19],[-14,0],[-18,17],[-14,-8],[-13,0],[-8,9],[-12,3],[-23,18]],[[5241,5331],[-12,19],[3,23],[-21,19],[-8,12],[-4,30],[-32,25],[-18,23],[-20,7],[-13,-3],[-20,6],[-5,-4],[-22,1],[-19,-24],[-13,5],[-8,10],[-21,-1],[-7,13]],[[5001,5492],[13,8],[17,28],[15,6],[9,14],[9,3],[3,10],[-17,15],[14,12],[-3,9],[11,6],[-20,3],[2,25],[12,18],[-10,12],[-15,8],[-38,7],[2,14],[-24,7],[-6,9],[-17,12],[-9,19],[12,32],[3,25],[-7,9],[3,12],[-11,3],[-3,13],[-11,6],[-13,20],[-21,3],[-25,18],[-27,3],[-6,9],[-9,-12],[0,-9],[-21,0],[3,12],[-14,10],[3,12],[-18,3],[0,12],[-15,18],[-3,-24],[-41,9],[3,8],[-30,7],[-2,17],[-7,10],[-12,-3],[-34,18],[6,6],[2,24],[15,4],[-12,24],[9,5],[-38,28],[8,6],[-2,31],[6,6]],[[4696,6517],[244,-185],[165,-124],[4,-3],[147,-114],[56,-41],[147,-114],[100,-76],[382,-299],[225,-176],[88,-69],[144,-114]],[[4218,6305],[-35,-6],[-12,-9],[-21,3],[-20,-4],[-41,7],[-36,-16],[-18,1],[-8,-9],[-24,0],[-27,-10],[-43,-2],[-12,-6],[-7,6],[-26,2],[-5,6],[-24,-11],[-6,-12],[-35,-7],[-15,1]],[[3803,6239],[-23,-25],[-48,-9],[-3,-15],[-26,0],[-12,-12],[-3,-12],[8,-6],[-9,-16],[-10,-2],[-1,-16],[-26,-9],[-18,0],[-12,-14],[-50,-10],[-15,-19],[-47,-2],[-8,-7],[-35,-18],[-7,-17],[-26,-9],[-10,-19],[-29,7],[-15,-9],[-17,6],[-20,-9],[-18,9]],[[3323,6006],[-30,75]],[[2318,5842],[-18,0],[12,6],[6,-6]],[[2333,5860],[11,-6],[-11,-9],[-12,10],[-15,5],[0,7],[27,-7]],[[2612,5855],[-11,2],[24,19],[-4,-19],[-9,-2]],[[2050,5933],[17,-15],[0,-22],[15,-24],[20,-23],[-4,-7],[-21,-3],[-18,28],[-26,21],[-37,17],[-13,7],[-24,8],[-10,12]],[[2677,5960],[-5,6],[-24,-30],[-12,-33],[-14,-18],[-41,-28],[-47,-24],[-36,15],[-24,-6],[-2,-6],[-28,-15],[-29,0],[6,18],[12,7],[-3,9],[-41,-7],[-6,3],[-12,-6],[-14,12],[-7,0],[-23,10],[32,20],[-11,22],[-10,6],[-49,-6],[0,15],[21,24],[8,-3],[35,15],[-12,-2],[-23,-10],[-14,0],[-19,-27],[-2,-22],[-18,-2],[14,-4],[-2,-12],[-33,-27],[-21,-26],[-9,-16],[-28,3],[-1,8],[-24,19],[-8,-12],[-9,7],[-24,0],[-35,39],[-9,15],[6,30],[-11,0],[-12,12]],[[4269,6229],[-3,-9],[-54,-19],[-8,-8],[-47,-7],[-30,-17],[-15,-13],[-20,-38],[-21,-15],[-12,-19],[-33,-30],[-2,-13],[-12,-8],[-6,-19],[-11,-5],[-35,-53],[-22,-20],[3,-6],[-14,-4],[2,-12],[-14,-14],[-3,-10],[-23,-15],[0,-15],[-13,-15],[-6,-14],[-8,-1],[-24,-39],[0,-12],[-29,0],[-6,-16],[-21,0],[-14,-6],[8,-6],[-14,-11],[14,2],[13,-18],[-3,-8],[-18,-9],[-1,-16],[-25,-13],[-7,-21],[-15,1],[-11,-7],[-10,-18],[-28,-14],[-3,-12],[-15,-18]],[[3653,5589],[-183,181],[-74,72],[-8,7]],[[3388,5849],[-12,11],[-47,124],[-6,22]],[[5001,5492],[-19,6],[-7,27],[-14,9]],[[4961,5534],[-1,15],[-11,0],[-32,20],[3,14],[-30,12],[-21,0],[-3,20],[-8,-2],[-9,12],[-18,-6],[0,11],[-18,-2],[-12,-13],[-11,9],[-18,4],[-12,18],[-8,2],[-9,16],[-32,0],[-19,-12],[1,-15],[-12,-16],[-27,-15],[-17,1],[-15,-15],[6,-13],[-3,-12],[-15,-10],[-20,0],[-10,-11],[-43,-6],[-6,-12],[-16,-3],[-14,-7],[-36,-5],[-8,9],[-14,3],[-9,-12],[-12,14],[-20,-11],[-22,-3],[-21,6],[-17,0],[-18,20],[-32,13],[-27,17],[-11,-5],[-18,6],[-3,10],[-27,5],[-17,-28],[-24,-20],[-32,6],[-12,12],[-9,-3],[-6,-30],[-14,-4],[-33,1],[-3,-12],[-17,-6],[-3,-15],[-21,12],[-6,-16],[-15,6],[-17,-8],[-24,-3],[6,-15],[18,-25],[14,-22],[-3,-11],[-17,-7],[-26,28],[-38,9],[-1,-18],[18,-18],[-12,-16]],[[3912,5382],[-71,57],[-38,32],[-54,42],[-96,76]],[[1935,5619],[0,-7],[-15,1],[-11,8],[14,10],[12,-12]],[[1811,5935],[29,-23],[10,-25],[18,-8],[5,-36],[-9,-19],[-8,-27],[3,-12],[35,-15],[15,-18],[-10,-6],[-11,5],[-9,-12],[-18,-2],[9,-24],[9,-6],[-12,-6],[-14,6],[0,-14],[8,-8],[21,-9],[0,-9],[17,-12],[7,0],[11,-12],[-12,-10],[-11,0],[3,-9],[-11,6],[-1,10],[-15,15],[-14,3],[3,-21],[-22,9],[24,-21],[18,-7],[-2,-12],[8,-12],[-8,-11],[-21,-4],[-15,4],[-12,-7],[-9,13],[-11,5],[-12,16],[-27,11],[-8,12],[-21,4],[-24,23],[-23,9],[5,6],[-14,13],[-16,9],[1,-12],[17,-10],[-28,-20],[-24,12],[-10,24],[-43,21],[-10,25],[-31,29],[-33,21],[-38,10],[-27,0],[18,5],[-3,19],[-3,-18],[-11,-1],[-16,7],[7,17],[14,8],[-14,2],[-6,15],[-4,-20],[-9,-1],[15,-27],[-24,-7],[-20,-21],[0,-11],[17,-6],[-49,3],[3,8],[33,73],[25,64],[4,33],[-6,15],[-12,7],[0,20],[-12,12],[-2,10],[-13,18],[24,-18],[12,-15],[11,-6],[-2,-9],[17,-9],[4,-10],[23,-33],[58,-58],[18,0],[-27,27],[-11,3],[1,9],[-9,13],[-15,9],[-36,60],[0,13],[-9,-6],[-6,8],[-11,-5],[0,17],[-19,1],[4,23],[-33,45]],[[3388,5849],[2,-143],[1,-129],[0,-64],[5,-3],[-6,-19],[-14,4],[-15,-3],[-38,24],[-20,-13],[-1,7],[-14,-16],[-10,-2],[-17,12],[-10,-12],[-20,3],[-8,-7],[-15,7],[3,-12],[-13,-9],[-16,2],[-18,-5],[-12,-21],[-9,8],[-3,-21],[-12,6],[-29,-9],[2,-15],[-8,-6],[-15,0],[-39,-37],[-47,-41],[-41,-34],[-94,-81]],[[2857,5220],[3,9],[-17,14],[-6,0],[-12,25],[-17,-3],[-19,8],[-15,10],[1,78],[-1,22],[0,191]],[[2774,5574],[6,20],[10,4],[3,14],[-15,10],[-9,-7],[-18,18],[12,24],[-5,12],[5,12],[11,6],[-8,34],[-15,24],[0,34],[6,8],[15,1],[-23,23]],[[2749,5811],[5,28],[15,1],[3,-10],[12,-3],[8,9],[3,-18],[15,-28],[-5,22],[13,14],[-20,0],[-5,14],[-16,-9],[-2,14],[-12,7],[-1,15],[10,5],[-12,10]],[[2483,5802],[-23,7],[18,9],[8,-7],[-3,-9]],[[2495,5797],[-17,23],[11,7],[6,-30]],[[2774,5574],[-111,-29],[-198,-53],[-83,-22],[-11,10],[-29,12],[-10,9],[1,8],[12,9],[-15,18],[-30,19],[-91,6],[-20,15],[-7,-6],[-20,9],[2,16],[-10,5],[-25,24],[-3,15],[-17,4],[-9,12],[-21,12],[-20,-7],[-20,0]],[[2039,5660],[-10,-3],[-6,15],[-34,-5],[-24,6],[3,11],[-15,12],[-9,0],[-3,11],[-15,24],[13,-3],[17,-10],[11,12],[3,13],[12,-3],[10,18],[-7,23],[33,-11],[17,11],[15,-2],[18,14],[9,16],[8,2],[3,13],[16,4],[25,0],[30,-5],[11,-8],[10,-16],[21,-8],[32,15],[41,14],[18,1],[29,9],[30,-6],[14,-6],[24,0],[44,-9],[17,3],[12,-7],[33,-11],[21,-3],[17,-6],[27,-1],[17,4],[26,0],[22,-15],[25,11],[-5,7],[-18,-3],[-17,6],[6,8],[14,3],[16,18],[14,5],[-3,26],[15,12],[18,-9],[17,3],[3,10],[18,3],[24,-7],[5,-21],[-9,-11],[-12,2],[-20,-10],[-6,-8],[-12,-3],[24,-19],[3,-8],[26,15],[-2,8]],[[3912,5382],[-71,-30],[-189,-82],[-41,-17],[-238,-101],[-27,-11],[-20,-12],[-4,-10],[12,0],[6,-9],[-5,-12],[3,-18],[11,-6],[-49,-40],[-74,-65],[-130,-113]],[[3096,4856],[-12,22],[-18,2],[-24,25],[-17,-18],[-12,5],[-15,-5],[-23,17],[-12,3],[-17,-17],[-3,-18],[-9,-3],[-14,11],[-6,13],[5,12],[-15,43],[-17,8],[-15,21],[3,28],[-5,6],[14,15],[9,-6],[26,20],[0,20],[-12,15],[-3,15],[13,26],[-3,7],[-24,6],[-18,0],[0,12],[-15,18],[9,15],[-2,18],[-18,10],[-3,11],[14,7]],[[2044,5548],[32,-2],[48,-27],[-7,-15],[-14,2],[-24,10],[-5,6],[-50,15],[-3,15],[23,-4]],[[2857,5220],[-15,2],[-197,0],[-171,1],[-17,-15],[-22,-6],[-19,-10],[-18,15],[-6,-9],[-9,4],[-27,-1]],[[2356,5201],[-5,7],[-56,-3],[-4,29],[-29,10],[-20,-4],[-6,4],[-1,27],[-18,36],[-17,24],[1,18],[-7,42],[-8,28],[-25,21],[-4,15],[-19,6],[-3,-12],[-35,28],[4,0],[-13,20],[6,4],[29,0],[15,-4],[-18,25],[-14,6],[-7,15],[-11,-1],[-27,10],[-14,-3],[-27,6],[0,9],[15,12],[-15,3],[15,9],[18,0],[-5,22],[-7,15],[-9,-3],[-6,9],[15,0],[-9,18],[4,11]],[[4961,5534],[-188,-161],[-78,-69],[0,-69],[-32,-1],[1,-36],[-36,0],[0,-46],[-109,0],[-18,-15],[-142,-126],[-52,-45],[-63,-58]],[[4244,4908],[-8,0],[-8,14],[-27,23],[-48,18],[-32,21],[-9,12],[-5,15],[5,9],[-17,18],[-78,118],[4,18],[-41,87],[-68,121]],[[1961,5459],[-106,0]],[[1855,5459],[-5,12],[-7,65],[9,7],[18,3],[9,21],[15,-6],[42,6],[17,-3],[9,-12],[11,-46],[12,-11],[-8,-9],[19,-7],[-10,-11],[-10,0],[-2,-9],[-13,0]],[[1982,5573],[12,-2],[-3,-7],[-9,9]],[[1982,5573],[-8,12],[6,6],[11,-12],[-9,-6]],[[5241,5331],[-68,-58],[-88,-77],[-100,-86],[-30,-30],[3,-9],[-14,-5],[11,-7],[-18,-16],[7,-23],[-4,-18],[4,-4],[4,-27],[-8,-8],[-6,-22],[8,-8],[-13,-20],[-18,-11],[0,-12],[-12,-3],[-14,-16],[-13,0],[-11,13],[-19,0],[-8,-19],[-20,1],[-9,-22],[0,-15],[-13,0],[-8,9],[3,18],[-20,15],[-7,-3],[-8,-21],[-13,6],[-9,10],[-17,-4],[0,-24],[17,0],[9,-11],[-3,-10],[-17,-8],[-3,-25],[-8,-1],[-36,6],[-5,-26],[-10,-19],[-11,-6],[3,13],[-9,9],[-18,-3],[0,-27],[-18,-6],[-21,0],[-16,-19],[-13,-8],[-12,-13],[-2,-18],[8,-7],[-18,-12],[-5,-20],[-19,-9],[-11,-9],[1,-22],[-9,-3],[-21,-26],[-18,5],[-6,6],[-9,-11],[-8,5],[-9,-5],[-15,8],[-3,-8],[-17,0],[-12,-7],[-12,3],[-12,-15],[-23,0],[-21,7],[-3,-11],[-21,-2],[-15,-13],[-14,1],[-15,8],[-12,-5],[-6,6],[-14,-3],[-9,-7],[-35,-5],[-21,-13],[-9,6],[-15,-14],[-6,-15],[-11,5],[-3,10],[-13,0],[-17,-12],[3,-10],[-33,4],[-15,-7],[-5,7],[-20,-4],[5,9],[-43,9],[-24,-2],[-9,35],[-9,7],[-12,-3],[-9,18],[-17,1],[-12,17],[-17,6],[0,24],[-10,4],[3,18],[14,8],[-13,7],[5,5],[-17,16],[-3,18],[-10,12],[4,3],[-15,13],[-9,24],[-35,21],[6,9],[-3,11]],[[3762,4759],[64,55],[22,3],[46,13],[21,12],[26,-4],[15,4],[15,11],[23,9],[13,12],[17,-2],[26,5],[20,7],[18,0],[18,-3],[53,8],[25,0],[14,6],[29,4],[17,9]],[[1961,5459],[6,-38],[9,-17],[-3,-7],[-15,-8],[16,-6],[-10,-4],[24,-5],[-3,-7],[14,-6],[-5,-6],[-14,6],[-4,-9],[18,-15],[24,-5],[17,3],[10,-16],[43,-3],[15,-12],[0,-12],[17,3],[4,-9],[23,-4],[7,-8],[-10,-10],[-11,-18],[20,19],[14,-6],[4,-10],[12,-11],[24,9],[13,-7],[4,-29],[6,-7]],[[2230,5204],[-15,-15],[-11,6],[-21,-5],[-24,-22],[3,-18],[-8,-9],[5,-16],[-12,-24],[6,-23],[20,-22],[-17,-9],[9,-7],[8,3],[13,-11],[-3,-9],[11,-9]],[[2194,5014],[1,-64],[-1,-9],[-88,0],[-2,-27],[-39,-3],[-33,0],[6,-42],[23,-34],[-2,-9]],[[2059,4826],[-18,10],[-18,-6],[-8,8],[0,18],[-21,13],[-6,24],[-12,9],[-15,3],[-11,15],[-3,25],[-9,12],[-2,18],[8,18],[9,78],[0,21],[-12,21],[-29,60],[-3,26],[-6,21],[-15,18],[-18,6],[-12,-9],[-2,9],[-15,17],[-3,18],[6,16],[-6,21],[0,22],[18,6],[6,45],[0,24],[-7,46]],[[3762,4759],[-91,-80],[-275,-239]],[[3396,4440],[-15,11],[-203,88],[-11,31],[-9,3],[-6,17],[-15,13],[0,12],[-15,6],[-23,-3],[-11,15],[5,18],[18,16],[-4,5]],[[3107,4672],[-14,6],[-17,16],[2,12],[10,8],[2,10],[-14,15],[22,18],[1,15],[15,6],[-27,25],[-8,5],[13,6],[0,9],[13,18],[-9,15]],[[5480,5201],[11,-6],[5,-24],[-11,-13],[-9,0],[-9,-32],[19,-27],[-1,-9],[-9,-1],[-6,-15],[38,-21],[7,-9],[24,12],[29,-37],[3,-11],[17,-21],[-20,-18],[-1,-16],[10,-17],[-6,-7],[17,-30],[-8,-9],[6,-15],[11,-13],[14,-6],[27,6],[21,-6],[9,-15],[14,0],[1,-9],[29,0],[15,-17],[18,-3],[17,-19],[18,-10],[18,1],[11,-9],[-3,-21],[15,-10],[3,-14],[-6,-6],[15,-15],[-6,-10],[15,-17],[0,-16],[6,1],[11,-14],[4,-20],[14,-21],[-3,-4],[9,-17],[-9,-13],[9,-12],[0,-18],[-9,-9],[-18,-1],[-3,-14],[18,-21],[-6,-21],[10,-27],[0,-9]],[[5875,4446],[-181,0],[0,-9],[-223,2],[-145,1],[-50,0],[0,-88],[-185,0],[-125,2],[-2,-90],[-121,0],[-38,0],[-80,-69],[-26,-22]],[[4699,4173],[-86,-75],[-5,14],[-41,-14],[-13,3],[-18,-4],[-8,-20],[-198,0],[0,-148],[-2,-80],[-65,-54],[-86,-73],[-65,-53],[-29,-25],[-100,-85]],[[3983,3559],[-9,1],[-12,17],[0,13],[-20,12],[-4,18],[-35,6],[-14,6],[-24,-6],[-13,18],[-17,6],[-11,16],[-22,15],[-17,5],[-11,-3],[2,10],[-11,2],[-6,10],[-21,8],[-29,27],[6,12],[-9,11],[-13,-6],[-35,14],[-5,21],[-10,12],[-8,25],[9,9],[8,-4],[16,31],[8,11],[-26,28],[-10,3],[-14,15],[9,7],[-6,9]],[[3629,3938],[5,17],[-8,13],[17,20],[21,6],[12,-2],[33,12],[0,167],[-18,14],[-86,73],[-209,182]],[[3107,4672],[-52,-2],[-147,0],[-31,30],[-19,-12],[-18,6],[-21,-25],[0,-12],[-29,-24],[-1,-6],[-17,-10],[-1,-15],[-20,6]],[[2751,4608],[0,19],[-9,8],[-17,0],[-16,15],[-14,-2],[-3,-7],[-12,10],[0,9],[-9,3],[-2,12],[-24,3],[-9,6],[3,13],[-23,11],[-15,-8],[15,21],[-16,8],[6,7],[-9,5],[-17,22],[-9,2],[-43,21],[-13,19],[-26,12],[-38,6],[-35,18],[-36,10],[-11,11],[-18,3],[-7,15],[-26,7],[-6,27],[-24,22],[-6,-3],[-15,15],[-11,0],[-14,12],[-16,26],[-8,0],[-21,19],[-3,9]],[[2230,5204],[23,-14],[33,-7],[21,6],[15,10],[34,2]],[[6398,5202],[310,-248],[221,-179],[118,-94],[229,-188],[325,-266],[32,-27],[136,-112],[8,-8],[224,-185],[107,-91],[176,-147],[236,-200]],[[8520,3457],[-83,0],[0,-16],[-463,0],[-427,0],[-50,1],[-430,0],[-165,0],[-314,0]],[[6588,3442],[-230,2],[-51,1],[3,-13],[-83,0]],[[6227,3432],[0,30],[9,9],[-8,7],[0,31],[9,11],[15,-3],[-7,15],[7,12],[-7,21],[6,15],[-8,16],[-16,6],[-8,9],[2,18],[10,12],[-15,19],[-13,6],[-4,18],[-10,18],[3,8],[-8,12],[-1,25],[-14,9],[3,18],[-9,28],[14,14],[0,22],[-11,8],[-3,10],[-27,21],[-8,18],[3,9],[-6,7],[-6,18],[2,14],[-11,12],[2,19],[15,9],[-2,14],[14,10],[-3,15],[-15,3],[-14,24],[-9,0],[-21,18],[21,16],[3,14],[-20,16],[-15,-6],[-21,0],[-18,8],[3,10],[-12,21],[-8,2],[-18,20],[14,11],[-5,7],[2,24],[-12,2],[1,13],[-18,15],[-6,-3],[-14,9],[-6,18],[6,16],[11,2],[-5,12],[-9,0],[-10,15],[-19,12],[-3,18],[-12,7],[8,15],[-17,6],[-6,11],[-12,10],[12,3],[17,9],[-5,24],[-10,13],[-19,9]],[[2751,4608],[-27,-2],[-19,14],[-16,-18]],[[2689,4602],[-8,15],[-13,3],[-17,-11],[-12,15],[-14,-1],[-3,-8],[-12,6],[-20,-4],[-27,-29],[-10,3],[-19,-19],[0,-12]],[[2534,4560],[-7,-5],[-53,90],[-27,27],[-29,15],[-14,3],[-38,-25],[-33,7],[-12,0],[-3,-12],[-12,3],[-27,-6],[-38,9],[-35,19],[-12,2],[-3,7],[-26,17],[-27,22],[-11,6],[-9,15],[-18,18],[-26,39],[-15,15]],[[3629,3938],[-18,18],[-23,9],[-27,20],[-9,-2],[13,-12],[11,-24],[9,-6],[11,-24],[7,-38],[-6,-11],[-24,5],[-15,-6],[-9,4],[-11,18],[-27,16],[-11,17],[-25,12],[-2,13],[-27,18],[-8,3],[-15,-4],[-21,19],[-14,0],[-13,-28],[-17,-5],[-15,12],[-11,3],[-9,-24],[-33,-10],[0,16],[-11,-3],[-3,54],[-153,133],[-1,8],[-17,17],[-9,-1],[-1,12],[-11,22],[-8,3],[-21,-6],[-32,5],[-10,-3],[15,24],[-3,12],[-15,13],[-14,6],[-4,20],[10,4],[-4,6],[9,27],[-14,12],[-10,21],[-19,15],[-15,-2],[-30,6],[-8,15],[-18,6],[-10,-6],[-14,14],[-9,0],[-15,28],[21,6],[11,6],[-14,22],[-6,0],[-9,21],[-23,-9],[-68,66],[-26,21],[-18,6],[-21,30],[-3,24]],[[3983,3559],[36,0],[28,-26],[9,-18],[-15,-10],[-3,-12],[13,-21],[23,-6],[6,-27],[-1,-6]],[[4079,3433],[-111,2],[-166,0],[-78,1],[-231,0],[-8,2],[-144,0],[-38,1],[-178,2],[-147,0]],[[2978,3441],[-12,12],[-14,6],[-13,12],[-28,35],[-28,14],[-17,19],[0,17],[-9,12],[4,10],[-9,6],[-13,54],[-12,18],[-25,15],[-30,7],[-7,0],[-23,30],[-3,17],[-14,9],[-10,16],[-16,34],[-4,2],[-36,43],[-23,12],[-20,24],[-33,15],[-27,18],[-19,6],[-13,0],[-21,16],[-12,27],[-29,17],[-8,12],[-10,3],[4,37],[-15,18],[6,6],[-3,36],[-9,6],[0,22],[-15,26],[1,16],[-9,9],[-6,21],[6,7],[-4,14],[-12,10],[28,3],[-7,21],[-2,18],[-15,6],[-3,-6],[-15,9],[-8,9],[11,9],[9,24],[8,0],[10,21],[11,6],[12,-14],[15,-6],[6,-13],[9,-3],[17,6],[21,21],[20,33],[6,16],[9,42],[1,34],[17,63],[21,9],[-19,-3],[-20,39],[4,9]],[[6227,3432],[-236,4],[-129,0],[-33,2],[-56,0],[-31,-3],[-112,1],[-248,0],[-223,0],[-422,0]],[[4737,3436],[3,366],[6,0],[2,139],[50,-1],[1,140],[-51,0],[0,93],[-49,0]],[[4737,3436],[-6,-1],[-333,0],[-130,0],[-5,-2],[-162,0]],[[4101,3433],[-22,0]],[[9705,1640],[-46,-1],[-370,-3],[-442,-5],[0,-45],[-201,-1],[-657,0],[-244,-2],[-262,0],[-207,-1],[0,-30],[-129,0],[0,-1],[-160,0],[0,14],[-146,2],[-1,13],[-177,0],[1,-46],[-51,-18],[0,-49],[-44,0],[0,-39],[-20,0],[9,-7],[-6,-11]],[[6552,1410],[-25,21],[-28,16],[-56,41]],[[6443,1488],[-7,10],[-2,14],[-9,1],[2,9],[16,27],[17,2],[-3,19],[38,-2],[30,107],[36,115],[17,59],[-15,236],[-2,51],[-4,0],[-2,278]],[[6555,2414],[35,0],[0,871],[18,2],[-1,30],[-35,0],[0,31],[18,2],[-2,92]],[[8520,3457],[14,-10],[233,-202],[301,-259],[232,-198],[47,-41],[163,-145],[5,-13],[-6,-21],[4,-24],[-3,-16],[3,-20],[-6,-28],[3,-17],[9,-10],[25,-13],[10,-9],[12,-23],[2,-15],[15,-31],[27,-24],[14,-15],[24,-10],[3,-11],[15,-3],[8,-24],[13,-25],[-6,-11],[17,-16],[1,-21],[14,-12],[0,-9],[-12,-4],[12,-17],[18,-12],[25,-43],[2,-24],[-4,-15],[0,-18],[-4,-18],[13,-12],[35,5],[11,-15],[25,-12],[14,-23],[21,-4],[30,-26],[8,-10],[26,-6],[25,-18],[16,-27],[18,-15],[1,-28],[3,-21],[-30,3],[0,-9],[-59,-52],[-2,-15],[-39,-20],[-18,2],[-26,-29],[-12,-7],[-26,-3],[-16,-18],[-22,-7],[-24,-2],[-17,-21]],[[4101,3433],[-1,-9],[0,-173],[104,-2],[0,-91],[15,0],[2,-16],[16,0],[2,-15],[15,0],[0,-15],[17,0],[1,-15],[17,0],[0,-31],[113,-2],[2,-92],[68,0],[0,-92],[139,-3],[2,-91],[109,5],[-8,-96],[70,3],[0,-15],[17,0],[0,-188]],[[4801,2495],[-64,0],[-9,9],[-32,18],[-10,12],[-23,16],[-9,-3],[-18,6],[-23,18],[-32,6],[-20,-6],[-7,6],[-17,-3],[-36,18],[-12,0],[-8,7],[-27,8],[-14,12],[-9,16],[-9,0],[-24,9],[-14,-4],[-25,25],[-14,-6],[-9,3],[-27,2],[-19,12],[-10,1],[-8,9],[-47,15],[-16,14],[1,7],[-26,-6],[-16,-12],[-18,-1],[1,-14],[-24,-6],[-12,-15],[-11,-33],[-18,-7],[-30,-3],[-11,6],[-7,-12],[-5,6],[-23,-8],[-16,-1],[-9,-9],[-11,15],[-10,-21],[6,-12],[15,-10],[-3,-5],[16,-13],[-4,-9],[9,-5],[1,-13],[-4,-30],[-15,-3],[-9,19],[-10,3],[-24,21],[-33,23],[-21,9],[-24,19],[-20,3],[-42,-7],[-38,-9],[-15,-6],[-19,1],[-16,-12],[-18,9],[-25,-15],[-15,17]],[[3656,2576],[11,32],[9,57],[-2,53],[-6,19],[-9,16],[-15,9],[-9,0],[-23,17],[-42,13],[-12,-3],[-6,-19],[-21,9],[-8,10],[-50,21],[-17,12],[-39,40],[2,27],[16,27],[14,45],[1,28],[5,-31],[-9,-27],[24,12],[-1,9],[15,6],[-14,5],[-14,28],[-7,6],[-5,30],[-18,33],[-20,16],[-40,-3],[-19,14],[-24,4],[-7,-3],[-46,45],[-15,10],[-39,41],[-11,25],[-12,20],[-15,10],[-21,30],[-26,12],[-3,-9],[-27,18],[-20,0],[-20,13],[-24,0],[0,18],[-8,15],[-19,18],[-2,45],[-13,28],[-17,14]],[[6555,2414],[-289,-1],[-147,-2],[-71,2],[-10,-2],[-117,0],[-129,-1],[-183,0],[-245,0],[13,-32]],[[5377,2378],[-93,2],[0,24],[-50,0],[-211,1],[0,45],[-33,2],[1,22],[-104,0],[0,21],[-56,0]],[[4831,2495],[-30,0]],[[5232,986],[-7,-3],[-10,16],[19,6],[-2,-19]],[[4236,1585],[11,-2],[-6,-22],[4,-16],[32,-20],[33,3],[2,-27],[7,-16],[-29,0],[-16,-6],[-37,-24],[-24,-6],[-19,0],[-11,-12],[-12,-2],[-56,32],[-8,19],[-9,9],[-12,23],[-16,16],[-23,12],[12,9],[18,1],[21,-5],[32,7],[17,15],[30,-6],[26,0],[15,4],[18,14]],[[3938,1601],[12,-6],[18,2],[23,-21],[-6,-9],[-35,0],[-14,-8],[-21,14],[-27,7],[-14,-9],[-20,6],[-6,8],[11,1],[18,12],[3,9],[15,-7],[17,6],[26,19],[6,-16],[-6,-8]],[[4381,1625],[17,2],[30,-6],[29,-11],[8,-7],[22,3],[41,-3],[43,-12],[22,-23],[21,-4],[11,3],[21,-6],[14,3],[12,10],[0,14],[21,15],[27,-2],[5,-6],[21,-6],[9,-7],[-18,-11],[-15,-28],[-14,0],[-21,-9],[-21,-1],[-39,1],[-40,-18],[-6,0],[-21,-12],[-21,5],[-23,-6],[-6,4],[-17,-3],[-6,3],[-19,-3],[-20,11],[-12,-3],[-18,13],[-6,0],[-12,30],[10,25],[-30,23],[-24,6],[9,4],[1,15],[15,-3]],[[4831,2495],[-2,-114],[0,-337],[5,-32],[-14,-25],[8,-15],[-30,-24],[0,-6]],[[4798,1942],[-20,10],[-8,0],[-30,11],[-16,15],[-14,6],[-9,-3],[-17,6],[-24,3],[-17,-5],[-23,2],[-24,-5],[-24,-19],[-21,1],[-14,8],[-39,13],[-50,2],[-8,-15],[-6,4],[-25,-1],[-16,15],[-34,16],[-25,-1],[-25,15],[-35,13],[-9,-3],[-12,6],[-49,-4],[-35,12],[-28,1],[-14,-3],[-65,0],[-15,-3],[-29,0],[-12,3],[-48,-12],[-75,-6],[-6,-3],[-18,2],[-12,-9],[-15,6],[-8,31],[-18,18],[-3,12],[-15,19],[-17,11],[-21,7],[-30,17],[-38,-3],[-15,10],[-6,24],[3,18],[15,27],[14,34],[12,39],[-14,35],[-12,7],[-9,24],[13,34],[13,51],[-2,21],[-27,21],[-8,21],[-23,1],[8,23],[12,54]],[[4743,791],[5,0],[31,-19],[31,-7],[36,-32],[-10,-10],[-35,-5],[-40,9],[-6,6],[-21,3],[-21,15],[-8,12],[-6,21],[14,-6],[30,13]],[[4889,1553],[-16,-4],[-6,4],[22,0]],[[4843,1562],[18,-7],[-12,-2],[-20,8],[14,1]],[[5314,1594],[-29,15],[-33,9],[-26,16],[-21,3],[-32,18],[-26,-7],[-16,7],[-41,28],[-26,15],[-12,0],[-6,15],[-2,23]],[[5044,1736],[-4,0],[3,-21],[-11,13],[-30,66],[0,17],[-15,20],[-8,5],[-15,-2],[-33,21],[-6,11],[-23,18],[-18,-2],[-14,15],[-27,24],[-12,2],[-18,19],[-15,0]],[[5377,2378],[43,-91],[48,-110],[91,-202],[59,-132],[0,-43],[-35,0],[-1,-76],[-114,0],[-150,-99],[-4,-31]],[[5661,522],[13,5],[12,-10],[5,-18],[9,-5],[9,-22],[21,-21],[6,-12],[27,-30],[25,-15],[12,-13],[74,-59],[21,-21],[-6,-4],[-24,9],[-12,0],[-12,-15],[-20,-9],[-8,13],[-15,5],[-21,19],[-29,15],[-7,30],[-11,6],[-12,22],[-9,5],[-11,34],[-22,32],[-2,13],[-13,27],[-14,3],[-2,18],[14,4],[2,-6]],[[5645,996],[19,-4],[33,-2],[13,3],[23,-19],[12,-6],[11,-12],[15,7],[3,-6],[29,-15],[21,-1],[38,-17],[13,-1],[2,-19],[24,-26],[11,-9],[6,-15],[15,-9],[6,-16],[-1,-12],[-20,-11],[-47,23],[-35,0],[-10,-3],[-35,4],[-26,24],[-6,14],[10,31],[-9,33],[-10,3],[-11,12],[-3,-11],[-10,9],[-37,5],[-22,21],[-22,25]],[[6021,1294],[-24,-11],[7,-24],[-13,-4],[4,-8],[-12,0],[0,12],[18,6],[-6,18],[-3,-16],[-15,-5],[-3,-9],[-6,15],[6,15],[9,9],[18,6],[17,1],[3,-5]],[[6443,1488],[-9,1],[-177,0],[0,-46],[-24,-15],[-9,-15],[-17,0],[-18,-21],[-11,-9],[-4,-27],[-22,-18],[-13,-28],[6,-18],[-20,-15]],[[6125,1277],[2,9],[-12,9],[-8,-6],[14,-13],[-23,13],[-38,7],[-6,-7],[-20,7],[19,-10],[1,-21],[-18,6],[12,6],[-24,2],[9,10],[-9,2],[-8,13],[-25,-8],[3,12],[-20,-22],[-6,3],[-3,-16],[4,-27],[-10,0],[-5,-11],[-60,23],[-11,10],[-21,6],[-15,-6],[-12,5],[-5,16],[-12,21],[3,6],[18,9],[2,10],[10,5],[2,37],[-20,47],[-44,86],[-27,36],[-23,22],[-33,18],[-23,3],[-42,-4],[-59,3],[-9,-8],[-61,0],[-12,-6],[-27,-6],[-11,-13],[-15,-7],[-12,14],[-26,18],[-27,6],[-38,5],[-9,3],[-21,0]],[[9518,951],[-120,0],[-80,-1],[-285,-2],[-407,-3],[-278,-1],[-52,0],[-156,-3],[-39,0]],[[8101,941],[-47,0],[-62,3],[-52,-2],[-128,0],[-17,-1],[-330,0],[-288,0],[2,6],[-206,0],[0,16],[-35,12],[-92,36],[6,12],[-141,0]],[[6711,1023],[8,18],[-8,0],[0,13],[94,132],[-58,46],[-60,9],[-2,48],[-42,12],[-79,94],[-12,2],[0,13]],[[9705,1640],[-7,-37],[6,-17],[-6,-19],[-26,-15],[9,-7],[-22,-17],[-19,-21],[-21,-7],[-13,-21],[0,-12],[19,-11],[8,-13],[-15,-11],[18,-16],[0,-10],[-11,-9],[-15,-2],[11,-33],[-8,-12],[20,-51],[3,-16],[-8,-18],[17,-18],[-5,-22],[-27,-14],[-4,-13],[18,-11],[-17,-6],[-3,-6],[9,-14],[-6,-8],[9,-16],[-18,-21],[0,-11],[8,-22],[7,-9],[-31,-21],[-5,-16],[-8,-8],[-18,-7],[-12,-20],[-23,-31],[-1,-20]],[[6711,1023],[2,-36],[-29,-15],[-18,-4],[-21,1],[-17,-70]],[[6628,899],[-23,33],[-29,27],[-33,19],[-10,-6],[-20,5],[-14,25],[-6,0],[-18,27],[-20,18],[-9,13],[-21,6],[-15,9],[-20,21],[-36,21],[-9,15]],[[6345,1132],[-15,3],[-25,11],[2,-5]],[[6307,1141],[0,-7],[21,-2],[23,-15],[-49,14],[-7,13],[-61,37],[-29,24],[-19,21],[-46,45],[-18,0],[3,6]],[[6997,259],[5,-11],[-17,1],[12,21],[0,-11]],[[8101,941],[0,-196],[1,-67],[0,-108],[-21,-1],[2,-211],[1,-157],[-6,-3],[0,-109]],[[8078,89],[-38,-4],[-89,-8],[-132,-12],[-260,-22],[-97,-9],[-32,-3],[-130,-12],[-56,-6],[-159,-13],[-8,32],[2,35],[-6,27],[-26,46],[-18,16],[-14,6],[-24,-4],[-4,13],[10,15],[15,5],[11,-9],[23,-9],[3,-15],[-6,-6],[24,-30],[6,-21],[11,-12],[-7,-7],[11,-8],[2,-13],[15,-5],[6,5],[0,28],[-9,12],[-14,28],[3,17],[-9,12],[-15,4],[-26,20],[-6,7],[3,12],[-36,3],[-9,-13],[-14,3],[-4,-26],[3,-28],[-8,-3],[-9,31],[-5,33],[6,30],[8,2],[3,13],[24,-4],[6,4],[-1,27],[-18,1],[-2,-10],[-7,-3],[-5,9],[-8,-2],[0,-11],[9,-8],[-10,-12],[0,24],[-6,21],[-20,19],[-3,21],[5,8],[12,1],[9,12],[4,15],[-7,57],[-20,88],[-15,27],[-6,21],[-21,60],[-20,34],[-47,60],[-12,10],[-6,14],[-67,85],[-31,34],[-31,24],[-30,21],[-21,6]],[[9518,951],[-5,-9],[-21,-16],[-21,6],[-20,-2],[-7,-9],[-20,0],[0,-10],[15,-16],[9,-32],[-12,-33],[-21,-19],[7,-17],[37,-10],[9,-8],[4,-13],[-16,-13],[13,-20],[-3,-25],[3,-15],[-3,-30],[-10,-24],[-8,-6],[-9,-25],[2,-23],[16,-3],[0,-13],[14,-15],[0,-15],[15,-9],[11,15],[21,-21],[26,-3],[12,1],[7,9],[41,-1],[24,-10],[11,-20],[9,-36],[21,2],[3,-17],[-12,-19],[0,-14],[15,-13],[0,-15],[-6,-57],[-24,-24],[-15,-7],[-21,-27],[0,-18],[4,-18],[-12,-6],[-24,-1],[0,-8],[-17,0],[0,-7],[-30,-2],[-3,-6],[-71,11],[-12,7],[-17,-27],[-113,-10],[-117,-8],[-282,-21],[-66,-6],[-102,-7],[-56,-5],[-243,-19],[-90,-7],[-189,-17],[-91,-6]]],"transform":{"scale":[0.0010279002957295721,0.0009476182533253255],"translate":[-124.40917464699993,32.534270766000134]}}