{"country”:”China”,
  "year":{
  "2006": { "rank":0.55, "pop(million)":1315.80, "gdp(billions$)":2224.81, "ppp":7204, "score":0.656, "eco_sc":0.621, "edu_sc":0.957, "hea_sc":0.936, "pol_sc":0.111, "m_age":23},
  "2007": { "rank":0.57, "pop(million)":1304.50, "gdp(billions$)":1898.93, "ppp":6012, "score":0.664, "eco_sc":0.648, "edu_sc":0.957, "hea_sc":0.941, "pol_sc":0.111, "m_age":23},
  "2008": { "rank":0.44, "pop(million)":1319.98, "gdp(billions$)":2095.95, "ppp":4501, "score":0.688, "eco_sc":0.692, "edu_sc":0.978, "hea_sc":0.941, "pol_sc":0.141, "m_age":23},
  "2009": { "rank":0.45, "pop(million)":1318.31, "gdp(billions$)":2387.68, "ppp":5084, "score":0.691, "eco_sc":0.696, "edu_sc":0.980, "hea_sc":0.940, "pol_sc":0.141, "m_age":23},
  "2010": { "rank":0.46, "pop(million)":1324.66, "gdp(billions$)":2602.57, "ppp":6200, "score":0.688, "eco_sc":0.693, "edu_sc":0.981, "hea_sc":0.929, "pol_sc":0.150, "m_age":23},
  "2011": { "rank":0.45, "pop(million)":1338.30, "gdp(billions$)":3243.07, "ppp":6810, "score":0.687, "eco_sc":0.683, "edu_sc":0.981, "hea_sc":0.933, "pol_sc":0.150, "m_age":23},
  "2012": { "rank":0.51, "pop(million)":1344.13, "gdp(billions$)":3246.01, "ppp":6816, "score":0.685, "eco_sc":0.675, "edu_sc":0.982, "hea_sc":0.934, "pol_sc":0.150, "m_age":23},
  "2013": { "rank":0.51, "pop(million)":1344.13, "gdp(billions$)":3547.89, "ppp":7418, "score":0.691, "eco_sc":0.675, "edu_sc":0.988, "hea_sc":0.940, "pol_sc":0.160, "m_age":23},
  "2014": { "rank":0.61, "pop(million)":1357.38, "gdp(billions$)":4864.00, "ppp":10756, "score":0.683, "eco_sc":0.656, "edu_sc":0.986, "hea_sc":0.940, "pol_sc":0.151, "m_age":25}
}}