{
  "Iceland_2006": { "population":0.3, "gdp":15.82, "ppp":35586, "mar_age":31},
  "Iceland_2010": { "population":0.32, "gdp":11.86, "ppp":33980, "mar_age":28},
  "Iceland_2014": { "population":0.32, "gdp":17.63, "ppp":28569, "mar_age":28},
  "Philippines_2006": { "population":83.1, "gdp":97.65, "ppp":4923, "mar_age":24},
  "Philippines_2010": { "population":90.35, "gdp":110.71, "ppp":3216, "mar_age":23},
  "Philippines_2014": { "population":98.39, "gdp":155.56, "ppp":6005, "mar_age":24},
  "New Zealand_2006": { "population":4, "gdp":108.55, "ppp":24769, "mar_age":25},
  "New Zealand_2010": { "population":4.27, "gdp":64.01, "ppp":24872, "mar_age":26},
  "New Zealand_2014": { "population":4.47, "gdp":128.94, "ppp":32240, "mar_age":26},
  "France_2006": { "population":60.5, "gdp":2105.86, "ppp":29316, "mar_age":30},
  "France_2010": { "population":62.28, "gdp":1515, "ppp":29578, "mar_age":32},
  "France_2014": { "population":66.03, "gdp":2254.25, "ppp":36085, "mar_age":32},
  "South Africa_2006": { "population":47.4, "gdp":239.14, "ppp":12160, "mar_age":28},
  "South Africa_2010": { "population":48.69, "gdp":183.25, "ppp":9332, "mar_age":28},
  "South Africa_2014": { "population":52.98, "gdp":313.47, "ppp":12.42, "mar_age":31},
  "United Kingdom_2006": { "population":59.7, "gdp":2201.47, "ppp":30470, "mar_age":26},
  "United Kingdom_2010": { "population":61.41, "gdp":1778.27, "ppp":32147, "mar_age":26},
  "United Kingdom_2014": { "population":64.1, "gdp":2432.81, "ppp":34658, "mar_age":32},
  "United States_2006": { "population":298.2, "gdp":12485.73, "ppp":41399, "mar_age":26},
  "United States_2010": { "population":304.06, "gdp":11513.87, "ppp":42107, "mar_age":26},
  "United States_2014": { "population":316.13, "gdp":14498.62, "ppp":50866, "mar_age":27},
  "Columbia_2006": { "population":45.6, "gdp":122.27, "ppp":7565, "mar_age":23},
  "Columbia_2010": { "population":45.01, "gdp":134.42, "ppp":8043, "mar_age":23},
  "Columbia_2014": { "population":48.32, "gdp":211.47, "ppp":11637, "mar_age":22},
  "Chile_2006": { "population":16.3, "gdp":113.96, "ppp":11937, "mar_age":23},
  "Chile_2010": { "population":16.8, "gdp":104.38, "ppp":13057, "mar_age":25},
  "Chile_2014": { "population":17.62, "gdp":171.41, "ppp":21049, "mar_age":27},
  "China_2006": { "population":1315.8, "gdp":2224.81, "ppp":7204, "mar_age":23},
  "China_2010": { "population":1324.66, "gdp":2602.57, "ppp":6200, "mar_age":23},
  "China_2014": { "population":1357.38, "gdp":4864, "ppp":10756, "mar_age":25},
  "Uganda_2006": { "population":28.8, "gdp":8.71, "ppp":1617, "mar_age":20},
  "Uganda_2010": { "population":31.66, "gdp":11.02, "ppp":1105, "mar_age":20},
  "Uganda_2014": { "population":37.58, "gdp":15.59, "ppp":1334, "mar_age":20},
  "Japan_2006": { "population":128.1, "gdp":4571.31, "ppp":30615, "mar_age":29},
  "Japan_2010": { "population":127.7, "gdp":5166.28, "ppp":29688, "mar_age":29},
  "Japan_2014": { "population":127.34, "gdp":4766.66, "ppp":34882, "mar_age":30},
  "India_2006": { "population":1103.4, "gdp":445.41, "ppp":3344, "mar_age":20},
  "India_2010": { "population":1139.96, "gdp":817.94, "ppp":2970, "mar_age":20},
  "India_2014": { "population":1252.14, "gdp":1458.74, "ppp":5050, "mar_age":20}
}